Exported Table Data,,,
* Well Location UWI,* Original X/Longitude,* Original Y/Latitude,* Original CRS Name
BENA00010,717617.6,186368.5,WGS84_UTM47N
BESO00002,737231.9,136843.98,WGS84_UTM47N
BLSE00020,701432.86,184285.59,WGS84_UTM47N
BNKO0014,707101.17,189479.67,WGS84_UTM47N
BNKO00149,711505.42,189983.38,WGS84_UTM47N
CAND00006D,732674.76,169122.97,WGS84_UTM47N
DURI04043,747021.0700000001,146696.89,WGS84_UTM47N
DURI04052,748232,146698.09,WGS84_UTM47N
DURI04055,746818.9,146568.73,WGS84_UTM47N
DURI04060,747228.59,146561.36000000002,WGS84_UTM47N
DURI04064,747841.3,146464.80000000002,WGS84_UTM47N
DURI04072,748232.66,146464.81,WGS84_UTM47N
DURI04080,737585.59,132054.5,WGS84_UTM47N
DURI04082,738246.97,131936.67,WGS84_UTM47N
DURI04084,736554.8200000001,131885.8,WGS84_UTM47N
DURI04091,737653.86,132016.73,WGS84_UTM47N
DURI04133,746819.31,146102.27,WGS84_UTM47N
DURI04136,746617.68,145997.45,WGS84_UTM47N
DURI04185,737621.24,131011.72,WGS84_UTM47N
DURI04188,738248.03,131147.26,WGS84_UTM47N
DURI04199,738313.99,130937.04000000001,WGS84_UTM47N
DURI04206,747825.9500000001,144975.137,WGS84_UTM47N
DURI04212,747208.777,144870.427,WGS84_UTM47N
DURI04226,746615.439,144741.46600000001,WGS84_UTM47N
DURI04233,747423.212,144730.505,WGS84_UTM47N
DURI04252,747023.2000000001,144363.1,WGS84_UTM47N
DURI04256,746832.009,144467.077,WGS84_UTM47N
DURI04258,746618.347,144362.358,WGS84_UTM47N
DURI04282,745609.238,143999.101,WGS84_UTM47N
DURI04285,746025.054,143999.687,WGS84_UTM47N
DURI04288,746826.543,144226.154,WGS84_UTM47N
DURI04290,746618.552,144129.073,WGS84_UTM47N
DURI04317,746025.78,143299.95,WGS84_UTM47N
DURI04319,746025.574,143533.23,WGS84_UTM47N
DURI04323,746821.028,143534.369,WGS84_UTM47N
DURI04332,747842.256,143673.314,WGS84_UTM47N
DURI04831,751462.46,145767.637,WGS84_UTM47N
DURI04862,750870.443,146570.843,WGS84_UTM47N
DURI04864,751058.5,146466.5,WGS84_UTM47N
DURI04867,751274.022,146570.878,WGS84_UTM47N
DURI04875,749659.328,145637.582,WGS84_UTM47N
DURI05060,749878.902,146469.834,WGS84_UTM47N
DURI05106,751865.877,147166.984,WGS84_UTM47N
DURI05160,738319.6900000001,132057.06,WGS84_UTM47N
DURI05175,749860.558,146932.414,WGS84_UTM47N
DURI05219,747427.42,143432.38,WGS84_UTM47N
DURI05227,747854.7000000001,143432.80000000002,WGS84_UTM47N
DURI05231,747424,143210.04,WGS84_UTM47N
FAJA00002D,737292.42,107413.90000000001,WGS84_UTM47N
GULA00001,724372.4,157383.30000000002,WGS84_UTM47N
GULA00002,723971.93,157413.27,WGS84_UTM47N
INTA00004,758089.58,120501.53,WGS84_UTM47N
JORA00019,702236.05,145339.85,WGS84_UTM47N
JORA00020,701794.63,146600.65,WGS84_UTM47N
JORA00025,701557.9,146305.2,WGS84_UTM47N
KELO00002D,726453.47,168906.75,WGS84_UTM47N
KELO00007D,726327.3200000001,168909.52,WGS84_UTM47N
KELO00008D,726419.52,169279.39,WGS84_UTM47N
KELO00009D,726433.93,169294.27,WGS84_UTM47N
KERA00002,713099.65,176197.9,WGS84_UTM47N
KERA00009,713765.4500000001,175868.07,WGS84_UTM47N
KOPA00011D,720107.68,151704.13,WGS84_UTM47N
KOPA00013D,719619,151798,WGS84_UTM47N
KOPA00014D,719613.49,151716.79,WGS84_UTM47N
KOPA00021D,720538.2000000001,150786,WGS84_UTM47N
KOPA00024,718444.06,152487.09,WGS84_UTM47N
KOPA00031H,719604.42,151733.88,WGS84_UTM47N
KOPA00032H,719625.43,151740.92,WGS84_UTM47N
KOPA00033D,720290.1900000001,152722.23,WGS84_UTM47N
KOPA00039H,720788.8,152380.80000000002,WGS84_UTM47N
LIBO00012,722766.58,108250.41,WGS84_UTM47N
LIBO00016,724422.3,105459.3,WGS84_UTM47N
LISE00046D,729961.62,103193.71,WGS84_UTM47N
MINA00526,762856.35,92710.16,WGS84_UTM47N
MINA01255D,763904.85,88946.84,WGS84_UTM47N
MINA01258D,763902.76,88953.54000000001,WGS84_UTM47N
MINA01903D,759807.213,92846.501,WGS84_UTM47N
MINA01929D,765244.691,89745.52100000001,WGS84_UTM47N
MINA01952D,762432.17,92907.46,WGS84_UTM47N
OKI_00003,743624.85,105450.5,WGS84_UTM47N
PAGE00006,721428.2000000001,167100.4,WGS84_UTM47N
PAGE00013,722043.3,165448.01,WGS84_UTM47N
PEBO00002,736770.02,133022.13,WGS84_UTM47N
PEBO00003,735980.48,133848.07,WGS84_UTM47N
PEBO00018,736916.41,132173.88,WGS84_UTM47N
PEBO00023,736753.22,132300.95,WGS84_UTM47N
PEMB00024,735985.314,166906.903,WGS84_UTM47N
PENA00005,761163.953,115812.762,WGS84_UTM47N
PETA00049,728168.72,150335.57,WGS84_UTM47N
PETP00024,720015.86,71752.82,WGS84_UTM47N
PETP00049D,725168.701,67239.107,WGS84_UTM47N
PUNC00006,736015.99,160782.11000000002,WGS84_UTM47N
PUNC00010,736351.2000000001,162187.30000000002,WGS84_UTM47N
PUNC00022,737793.1,161523.30000000002,WGS84_UTM47N
PUNC00023,737134.33,162676.73,WGS84_UTM47N
PUNC00031,736927.26,160694.02,WGS84_UTM47N
PUNC00032D,736208.24,161312.44,WGS84_UTM47N
PUNC00033,736823.315,161003.629,WGS84_UTM47N
PUNG00007,751779.92,124572.31,WGS84_UTM47N
PUNG00009,752051.48,125002.05,WGS84_UTM47N
SING00001,716794.5700000001,188943.91,WGS84_UTM47N
